{
  "corredor": {
    "nombre": "Av. Gomez Morin, San Pedro Garza Garcia, N.L.",
    "velocidad_sincronia_kmh": 50.0,
    "ciclo_s": 90.0,
    "verde_base_s": 46.0,
    "amarillo_s": 3.0,
    "todo_rojo_s": 2.5,
    "verde_repartible_s": 79.0,
    "cruces": [
      {
        "id": "C3",
        "nombre": "Alfonso Reyes",
        "dist_m": 0.0
      },
      {
        "id": "C2",
        "nombre": "Magnolia",
        "dist_m": 725.0
      },
      {
        "id": "C1",
        "nombre": "Av. del Roble",
        "dist_m": 1170.0
      }
    ]
  },
  "escenarios": {
    "sin_coord": {
      "descripcion": "Tiempo fijo, semaforos aislados (sin coordinacion).",
      "tipo": "fijo",
      "offsets_s": {
        "C3": 0.0,
        "C2": 0.0,
        "C1": 0.0
      },
      "verde_corredor_s": 46.0
    },
    "onda_verde": {
      "descripcion": "Tiempo fijo coordinado por offsets = distancia / velocidad.",
      "tipo": "fijo_coordinado",
      "offsets_s": {
        "C3": 0.0,
        "C2": 52.2,
        "C1": 84.24
      },
      "verde_corredor_s": 46.0
    },
    "adaptativo": {
      "descripcion": "Lazo cerrado: sensa colas y elige verde con politica Q-learning.",
      "tipo": "adaptativo",
      "offsets_s": {
        "C3": 0.0,
        "C2": 52.2,
        "C1": 84.24
      }
    }
  },
  "politica_adaptativa": {
    "acciones_verde_corredor_s": [
      46.0,
      54.0,
      62.0,
      70.0
    ],
    "umbrales_cola": [
      0,
      3,
      8
    ],
    "alcance_detector_m": 100.0,
    "Q": {
      "C3": {
        "0,0": [
          -53.355028228741936,
          -46.71055327986372,
          -54.20838742977941,
          -57.46621647700047
        ],
        "0,1": [
          -56.17323641888197,
          -46.85547048791486,
          -56.76915984463292,
          -65.71162541454822
        ],
        "0,2": [
          -49.24048005325078,
          -60.710742529618216,
          -63.70645418621926,
          -65.01158198965601
        ],
        "0,3": [
          -68.17021341390452,
          -109.33785984442196,
          -118.58772163129538,
          -110.44460178982155
        ],
        "1,0": [
          -60.88192304159476,
          -44.03865149816221,
          -64.02518205795934,
          -64.07908776927013
        ],
        "1,1": [
          -54.22250423191287,
          -44.70903599958901,
          -60.84980411066724,
          -61.982627229639874
        ],
        "1,2": [
          -58.182389047124744,
          -73.13910721951383,
          -64.81785053570255,
          -72.55040289275372
        ],
        "1,3": [
          -108.21822758867208,
          -102.24056713825595,
          -109.98307784219074,
          -107.16720434109206
        ],
        "2,0": [
          -67.03006273670287,
          -69.11918309338274,
          -52.12527728910928,
          -70.1694453258213
        ],
        "2,1": [
          -74.38712667745308,
          -54.53721212274152,
          -67.34651133483224,
          -70.58590769335748
        ],
        "2,2": [
          -81.13481440107587,
          -74.58610259097647,
          -82.15277389121245,
          -82.23200664011516
        ],
        "2,3": [
          -99.66471192809968,
          -110.4980745407963,
          -111.33213505684708,
          -109.74486321075213
        ],
        "3,0": [
          -89.48519734130603,
          -90.22020467033293,
          -84.31635096795085,
          -94.45822316473618
        ],
        "3,1": [
          -86.61054952666098,
          -79.69426324747145,
          -85.94444170734387,
          -94.63996425787597
        ],
        "3,2": [
          -96.6989212664147,
          -94.60180134624825,
          -93.84595760140513,
          -96.80665836336715
        ],
        "3,3": [
          -123.87552315015483,
          -130.2888764913428,
          -127.65996878506871,
          -120.1664514744999
        ]
      },
      "C2": {
        "0,0": [
          -739.7814594525548,
          -858.2454121893104,
          -936.9133526741489,
          -865.7577125669702
        ],
        "0,1": [
          -749.9142689393044,
          -827.3604426886033,
          -878.0142077063176,
          -847.8891587192599
        ],
        "0,2": [
          -922.1173640284796,
          -1111.2277760829886,
          -1102.14613368406,
          -1099.5803983356107
        ],
        "0,3": [
          -1386.168845934109,
          -1693.388574290148,
          -1682.2510917183408,
          -1688.7448674988743
        ],
        "1,0": [
          -749.8819720167631,
          -723.356401251103,
          -751.3367367288837,
          -760.5486630293933
        ],
        "1,1": [
          -763.0325627957386,
          -776.3760086245686,
          -830.956516397443,
          -781.343662757116
        ],
        "1,2": [
          -833.6119499607729,
          -1020.4329775263521,
          -979.7898503836901,
          -1076.8946372620485
        ],
        "1,3": [
          -1514.7499074865145,
          -1755.3335926977393,
          -1681.0805679277294,
          -1725.2784517594005
        ],
        "2,0": [
          -810.7000240296165,
          -767.2454745847884,
          -827.2748307927181,
          -848.4818605542735
        ],
        "2,1": [
          -771.0345147125034,
          -857.1817614305374,
          -836.4268895796141,
          -881.4165338490536
        ],
        "2,2": [
          -939.3413575550995,
          -1061.9322478411432,
          -1049.1549220335046,
          -1110.9306469279968
        ],
        "2,3": [
          -1657.767787560814,
          -1665.9836086807866,
          -1550.343815577715,
          -1662.1334086531683
        ],
        "3,0": [
          -728.8161401643847,
          -917.5345097177061,
          -937.0066767136735,
          -970.6218542058624
        ],
        "3,1": [
          -785.2838428545404,
          -1022.1312595640192,
          -1031.289390654214,
          -1020.8468079211963
        ],
        "3,2": [
          -966.7560120520884,
          -1106.3107600926292,
          -1126.2187232962049,
          -1145.072020228914
        ],
        "3,3": [
          -1298.6725246429542,
          -1283.7383190889973,
          -1306.6455292779056,
          -1421.2103940220127
        ]
      },
      "C1": {
        "0,0": [
          -114.18591757544661,
          -99.27145622244672,
          -120.55729520279547,
          -116.2631769985268
        ],
        "0,1": [
          -120.65848242028595,
          -105.76563521757399,
          -121.04003971791164,
          -137.67645857822265
        ],
        "0,2": [
          -143.97559504930442,
          -125.1669548051514,
          -140.34243535778327,
          -145.97616217340556
        ],
        "0,3": [
          -169.19862106971163,
          -301.3293556272751,
          -301.920470029447,
          -273.5339495208195
        ],
        "1,0": [
          -122.12130315419157,
          -102.16019769749964,
          -126.413014753362,
          -125.71354558389488
        ],
        "1,1": [
          -121.17625846656989,
          -103.49868696790399,
          -120.85841958309155,
          -138.83124434799907
        ],
        "1,2": [
          -119.42148233993343,
          -138.15237271413125,
          -146.06071438861557,
          -139.21366974953727
        ],
        "1,3": [
          -234.6965647306245,
          -177.56755491374076,
          -224.1825762385039,
          -248.40344499458914
        ],
        "2,0": [
          -131.53961927236062,
          -140.75460782973454,
          -123.37002407775759,
          -138.4250400307897
        ],
        "2,1": [
          -124.39778314177708,
          -124.52115409679244,
          -130.18201604326651,
          -134.35309713336727
        ],
        "2,2": [
          -153.17755493483068,
          -113.43026957826913,
          -159.5792332019801,
          -158.5343319914601
        ],